id,title,body
1,delectus aut autem,False
2,quis ut nam facilis et officia qui,False
3,fugiat veniam minus,False
4,et porro tempora,True
5,laboriosam mollitia et enim quasi adipisci quia provident illum,False
6,qui ullam ratione quibusdam voluptatem quia omnis,False
7,illo expedita consequatur quia in,False
8,quo adipisci enim quam ut ab,True
9,molestiae perspiciatis ipsa,False
10,illo est ratione doloremque quia maiores aut,True
11,vero rerum temporibus dolor,True
12,ipsa repellendus fugit nisi,True
13,et doloremque nulla,False
14,repellendus sunt dolores architecto voluptatum,True
15,ab voluptatum amet voluptas,True
16,accusamus eos facilis sint et aut voluptatem,True
17,quo laboriosam deleniti aut qui,True
18,dolorum est consequatur ea mollitia in culpa,False
19,molestiae ipsa aut voluptatibus pariatur dolor nihil,True
20,ullam nobis libero sapiente ad optio sint,True
21,suscipit repellat esse quibusdam voluptatem incidunt,False
22,distinctio vitae autem nihil ut molestias quo,True
23,et itaque necessitatibus maxime molestiae qui quas velit,False
24,adipisci non ad dicta qui amet quaerat doloribus ea,False
25,voluptas quo tenetur perspiciatis explicabo natus,True
26,aliquam aut quasi,True
27,veritatis pariatur delectus,True
28,nesciunt totam sit blanditiis sit,False
29,laborum aut in quam,False
30,nemo perspiciatis repellat ut dolor libero commodi blanditiis omnis,True
31,repudiandae totam in est sint facere fuga,False
32,earum doloribus ea doloremque quis,False
33,sint sit aut vero,False
34,porro aut necessitatibus eaque distinctio,False
35,repellendus veritatis molestias dicta incidunt,True
36,excepturi deleniti adipisci voluptatem et neque optio illum ad,True
37,sunt cum tempora,False
38,totam quia non,False
39,doloremque quibusdam asperiores libero corrupti illum qui omnis,False
40,totam atque quo nesciunt,True
41,aliquid amet impedit consequatur aspernatur placeat eaque fugiat suscipit,False
42,rerum perferendis error quia ut eveniet,False
43,tempore ut sint quis recusandae,True
44,cum debitis quis accusamus doloremque ipsa natus sapiente omnis,True
45,velit soluta adipisci molestias reiciendis harum,False
46,vel voluptatem repellat nihil placeat corporis,False
47,nam qui rerum fugiat accusamus,False
48,sit reprehenderit omnis quia,False
49,ut necessitatibus aut maiores debitis officia blanditiis velit et,False
50,cupiditate necessitatibus ullam aut quis dolor voluptate,True
51,distinctio exercitationem ab doloribus,False
52,nesciunt dolorum quis recusandae ad pariatur ratione,False
53,qui labore est occaecati recusandae aliquid quam,False
54,quis et est ut voluptate quam dolor,True
55,voluptatum omnis minima qui occaecati provident nulla voluptatem ratione,True
56,deleniti ea temporibus enim,True
57,pariatur et magnam ea doloribus similique voluptatem rerum quia,False
58,est dicta totam qui explicabo doloribus qui dignissimos,False
59,perspiciatis velit id laborum placeat iusto et aliquam odio,False
60,et sequi qui architecto ut adipisci,True
61,odit optio omnis qui sunt,True
62,et placeat et tempore aspernatur sint numquam,False
63,doloremque aut dolores quidem fuga qui nulla,True
64,voluptas consequatur qui ut quia magnam nemo esse,False
65,fugiat pariatur ratione ut asperiores necessitatibus magni,False
66,rerum eum molestias autem voluptatum sit optio,False
67,quia voluptatibus voluptatem quos similique maiores repellat,False
68,aut id perspiciatis voluptatem iusto,False
69,doloribus sint dolorum ab adipisci itaque dignissimos aliquam suscipit,False
70,ut sequi accusantium et mollitia delectus sunt,False
71,aut velit saepe ullam,False
72,praesentium facilis facere quis harum voluptatibus voluptatem eum,False
73,sint amet quia totam corporis qui exercitationem commodi,True
74,expedita tempore nobis eveniet laborum maiores,False
75,occaecati adipisci est possimus totam,False
76,sequi dolorem sed,True
77,maiores aut nesciunt delectus exercitationem vel assumenda eligendi at,False
78,reiciendis est magnam amet nemo iste recusandae impedit quaerat,False
79,eum ipsa maxime ut,True
80,tempore molestias dolores rerum sequi voluptates ipsum consequatur,True
81,suscipit qui totam,True
82,voluptates eum voluptas et dicta,False
83,quidem at rerum quis ex aut sit quam,True
84,sunt veritatis ut voluptate,False
85,et quia ad iste a,True
86,incidunt ut saepe autem,True
87,laudantium quae eligendi consequatur quia et vero autem,True
88,vitae aut excepturi laboriosam sint aliquam et et accusantium,False
89,sequi ut omnis et,True
90,molestiae nisi accusantium tenetur dolorem et,True
91,nulla quis consequatur saepe qui id expedita,True
92,in omnis laboriosam,True
93,odio iure consequatur molestiae quibusdam necessitatibus quia sint,True
94,facilis modi saepe mollitia,False
95,vel nihil et molestiae iusto assumenda nemo quo ut,True
96,nobis suscipit ducimus enim asperiores voluptas,False
97,dolorum laboriosam eos qui iure aliquam,False
98,debitis accusantium ut quo facilis nihil quis sapiente necessitatibus,True
99,neque voluptates ratione,False
100,excepturi a et neque qui expedita vel voluptate,False
101,explicabo enim cumque porro aperiam occaecati minima,False
102,sed ab consequatur,False
103,non sunt delectus illo nulla tenetur enim omnis,False
104,excepturi non laudantium quo,False
105,totam quia dolorem et illum repellat voluptas optio,True
106,ad illo quis voluptatem temporibus,True
107,praesentium facilis omnis laudantium fugit ad iusto nihil nesciunt,False
108,a eos eaque nihil et exercitationem incidunt delectus,True
109,autem temporibus harum quisquam in culpa,True
110,aut aut ea corporis,True
111,magni accusantium labore et id quis provident,False
112,consectetur impedit quisquam qui deserunt non rerum consequuntur eius,False
113,quia atque aliquam sunt impedit voluptatum rerum assumenda nisi,False
114,cupiditate quos possimus corporis quisquam exercitationem beatae,False
115,sed et ea eum,False
116,ipsa dolores vel facilis ut,True
117,sequi quae est et qui qui eveniet asperiores,False
118,quia modi consequatur vero fugiat,False
119,corporis ducimus ea perspiciatis iste,False
120,dolorem laboriosam vel voluptas et aliquam quasi,False
121,inventore aut nihil minima laudantium hic qui omnis,True
122,provident aut nobis culpa,True
123,esse et quis iste est earum aut impedit,False
124,qui consectetur id,False
125,aut quasi autem iste tempore illum possimus,False
126,ut asperiores perspiciatis veniam ipsum rerum saepe,True
127,voluptatem libero consectetur rerum ut,True
128,eius omnis est qui voluptatem autem,False
129,rerum culpa quis harum,False
130,nulla aliquid eveniet harum laborum libero alias ut unde,True
131,qui ea incidunt quis,False
132,qui molestiae voluptatibus velit iure harum quisquam,True
133,et labore eos enim rerum consequatur sunt,True
134,molestiae doloribus et laborum quod ea,False
135,facere ipsa nam eum voluptates reiciendis vero qui,False
136,asperiores illo tempora fuga sed ut quasi adipisci,False
137,qui sit non,False
138,placeat minima consequatur rem qui ut,True
139,consequatur doloribus id possimus voluptas a voluptatem,False
140,aut consectetur in blanditiis deserunt quia sed laboriosam,True
141,explicabo consectetur debitis voluptates quas quae culpa rerum non,True
142,maiores accusantium architecto necessitatibus reiciendis ea aut,True
143,eum non recusandae cupiditate animi,False
144,ut eum exercitationem sint,False
145,beatae qui ullam incidunt voluptatem non nisi aliquam,False
146,molestiae suscipit ratione nihil odio libero impedit vero totam,True
147,eum itaque quod reprehenderit et facilis dolor autem ut,True
148,esse quas et quo quasi exercitationem,False
149,animi voluptas quod perferendis est,False
150,eos amet tempore laudantium fugit a,False
151,accusamus adipisci dicta qui quo ea explicabo sed vero,True
152,odit eligendi recusandae doloremque cumque non,False
153,ea aperiam consequatur qui repellat eos,False
154,rerum non ex sapiente,True
155,voluptatem nobis consequatur et assumenda magnam,True
156,nam quia quia nulla repellat assumenda quibusdam sit nobis,True
157,dolorem veniam quisquam deserunt repellendus,True
158,debitis vitae delectus et harum accusamus aut deleniti a,True
159,debitis adipisci quibusdam aliquam sed dolore ea praesentium nobis,True
160,et praesentium aliquam est,False
161,ex hic consequuntur earum omnis alias ut occaecati culpa,True
162,omnis laboriosam molestias animi sunt dolore,True
163,natus corrupti maxime laudantium et voluptatem laboriosam odit,False
164,reprehenderit quos aut aut consequatur est sed,False
165,fugiat perferendis sed aut quidem,False
166,quos quo possimus suscipit minima ut,False
167,et quis minus quo a asperiores molestiae,False
168,recusandae quia qui sunt libero,False
169,ea odio perferendis officiis,True
170,quisquam aliquam quia doloribus aut,False
171,fugiat aut voluptatibus corrupti deleniti velit iste odio,True
172,et provident amet rerum consectetur et voluptatum,False
173,harum ad aperiam quis,False
174,similique aut quo,False
175,laudantium eius officia perferendis provident perspiciatis asperiores,True
176,magni soluta corrupti ut maiores rem quidem,False
177,et placeat temporibus voluptas est tempora quos quibusdam,False
178,nesciunt itaque commodi tempore,True
179,omnis consequuntur cupiditate impedit itaque ipsam quo,True
180,debitis nisi et dolorem repellat et,True
181,ut cupiditate sequi aliquam fuga maiores,False
182,inventore saepe cumque et aut illum enim,True
183,omnis nulla eum aliquam distinctio,True
184,molestias modi perferendis perspiciatis,False
185,voluptates dignissimos sed doloribus animi quaerat aut,False
186,explicabo odio est et,False
187,consequuntur animi possimus,False
188,vel non beatae est,True
189,culpa eius et voluptatem et,True
190,accusamus sint iusto et voluptatem exercitationem,True
191,temporibus atque distinctio omnis eius impedit tempore molestias pariatur,True
192,ut quas possimus exercitationem sint voluptates,False
193,rerum debitis voluptatem qui eveniet tempora distinctio a,True
194,sed ut vero sit molestiae,False
195,rerum ex veniam mollitia voluptatibus pariatur,True
196,consequuntur aut ut fugit similique,True
197,dignissimos quo nobis earum saepe,True
198,quis eius est sint explicabo,True
199,numquam repellendus a magnam,True
200,ipsam aperiam voluptates qui,False
